{
    "images":
    {
        "title":
        {
            "image" : "custommainmenu:textures/gui/minecraft.png",
            "posX" : -105,
            "posY" : -90,
            "width" : 412,
            "height" : 412,
            "alignment" : "center"
        },
        "logo":
        {
            "image" : "clickpack:logo/clickpack-large.png",
            "posX" : -90,
            "posY" : -9,
            "width" : 185,
            "height" : 110,
            "alignment" : "center"
        }
    },
    
    "buttons":
    {
        "singleplayer":
        {
            "text" : "menu.singleplayer",
            "posX" : -208,
            "posY" : -46,
            "width" : 100,
            "height" : 20,
            "alignment" : "center",
            "action" :
            {
                "type" : "openGui",
                "gui" : "singleplayer"
            }
        },
        
        "multiplayer":
        {
            "text" : "menu.multiplayer",
            "posX" : -103,
            "posY" : -46,
            "width" : 100,
            "height" : 20,
            "alignment" : "center",
            "action" : 
            {
                "type" : "openGui",
                "gui" : "multiplayer"
            }
        },
            
        "options":
        {
            "text" : "menu.options",
            "posX" : 2,
            "posY" : -46,
            "width" : 100,
            "height" : 20,
            "alignment" : "center",
            "action" : 
            {
                "type" : "openGui",
                "gui" : "options"
            }
        },
        
        "quit":
        {
            "text" : "menu.quit",
            "posX" : 107,
            "posY" : -46,
            "width" : 100,
            "height" : 20,
            "alignment" : "center",
            "tooltip": "You sure you wanna go",
            "action" : 
            {
                "type" : "quit"
            }
        },
        "clickpack-link":
        {
            "text" : "ClickPack Website",
            "posX" : 5,
            "posY" : 4,
            "width" : 93,
            "height" : 20,
            "alignment" : "top_left",
            "action" : 
            {
                "type" : "openLink",
                "link": "http://clickpack.clickmine.ml"
            }
        },
        "openeye":
        {
            "text" : "OpenEye",
            "posX" : 155,
            "posY" : -20,
            "width" : 53,
            "height" : 18,
            "alignment" : "bottom_left",
            "wrappedButton" : "666"
        },

        "changelog-link":
        {
            "text" : "Changelog",
            "posX" : 90,
            "posY" : -20,
            "width" : 65,
            "height" : 18,
            "alignment" : "bottom_left",
            "tooltip": "See whats new in 1.2.2",
            "action" : 
            {
                "type" : "openLink",
                "link": "http://www.technicpack.net/modpack/clickpack.571563/changelog"
            }
        },
        "issues-button":
        {
            "text" : "Known Issues",
            "posX" : -88,
            "posY" : 4,
            "width": 85,
            "height": 20,
            "alignment" : "top_right",
            "action" : 
            {
                "type" : "openLink",
                "link": "http://clickmine.ml/issues/"
            }
        }
    },
    
    "texts":
    {
        "mojang":
        {
            "text" : "",
            "posX" : -197,
            "posY" : -10,
            "alignment" : "bottom_right"
        },

        // "issues":
        // {
        //     "text" : "PLEASE Check the known issues page!",
        //     "posX" : -190,
        //     "posY" : 5,
        //     "color": 16714020,
        //     "alignment" : "top_right"
        // },

        "clickpack":
        {
            "text" : "ClickPack 1.2.2a", 
            "posX" : 4,
            "posY" : -10,
            "alignment" : "bottom_left",
            "action": {
                "type" : "refresh"
            } 
        },

        "mods-loaded":
        {
            "text" : "#modsloaded# Mods Loaded",
            "posX" : 4,
            "posY" : -20,
            "alignment" : "bottom_left",
            "action" : 
            {
                "type" : "openGui",
                "gui" : "mods"
            }
        }
    },
    
    "other":
    {
     "background":
     {
        "image": "clickpack:bg/1-dark.jpg",
        "mode": "fill"
     }   
    }
}